{"cameraMode":{"drawMode":0,"name":"Shaded","section":"Shading Mode"},"sceneLighting":true,"audioPlay":false,"sceneViewState":{"showFog":true,"showMaterialUpdate":false,"showSkybox":true,"showFlares":true,"showImageEffects":true,"showParticleSystems":true},"in2DMode":false,"pivot":{"x":1.1869864463806153,"y":-0.11998017877340317,"z":3.2548093795776369},"rotation":{"x":-0.020400552079081537,"y":0.016202718019485475,"z":-0.00029714591801166534,"w":-0.9997310042381287},"size":1898.841064453125,"orthographic":false}